[{
	"sId": "1444",
	"studentName": "BHOOMI AGRAWAL",
	"fatherName": "SANJAY AGRAWAL",
	"gender": "2",
	"dateOfBirth": "2011-01-31",
	"admissionNumber": "20281183",
	"standardClass": "7th",
	"aadharNumber": "N\/A",
	"createdDate": "2022-09-07",
	"photo": "BhoomiAgrawal432806311.jpg",
	"gameName": "SQUASH ",
	"gameType": "Both",
	"subGameName": "undefined",
	"mid": "1447",
	"schoolId": "182",
	"subgameId": "undefined",
	"ageRange": "14",
	"gameId": "10",
	"eventId": "5",
	"eventName": "ISSO NATIONAL GAMES 4TH EDITION - LAWN TENNIS & SQUASH ",
	"startDate": "2022-09-16",
	"event_status": "0",
	"event_year": "2022-2023",
	"schoolName": "LANCERS INTERNATIONAL SCHOOL "
}, {
	"sId": "1445",
	"studentName": "ADILAKSHMI BHARDWAJ",
	"fatherName": "ARVIND KUMAR SHARMA",
	"gender": "2",
	"dateOfBirth": "2010-07-19",
	"admissionNumber": "20183121",
	"standardClass": "7th",
	"aadharNumber": "N\/A",
	"createdDate": "2022-09-07",
	"photo": "AdilakshmiBhardwaj913082336.jpg",
	"gameName": "TENNIS ",
	"gameType": "Both",
	"subGameName": "INDIVIDUAL ",
	"mid": "1448",
	"schoolId": "182",
	"subgameId": "3",
	"ageRange": "14",
	"gameId": "9",
	"eventId": "5",
	"eventName": "ISSO NATIONAL GAMES 4TH EDITION - LAWN TENNIS & SQUASH ",
	"startDate": "2022-09-16",
	"event_status": "0",
	"event_year": "2022-2023",
	"schoolName": "LANCERS INTERNATIONAL SCHOOL "
}, {
	"sId": "1446",
	"studentName": "CHIRAG YADAV",
	"fatherName": "SURENDER YADAV",
	"gender": "1",
	"dateOfBirth": "2005-10-29",
	"admissionNumber": "20221230",
	"standardClass": "12th",
	"aadharNumber": "N\/A",
	"createdDate": "2022-09-07",
	"photo": "ChiragYadav13314548.jpg",
	"gameName": "TENNIS ",
	"gameType": "Both",
	"subGameName": "INDIVIDUAL ",
	"mid": "1449",
	"schoolId": "182",
	"subgameId": "3",
	"ageRange": "19",
	"gameId": "9",
	"eventId": "5",
	"eventName": "ISSO NATIONAL GAMES 4TH EDITION - LAWN TENNIS & SQUASH ",
	"startDate": "2022-09-16",
	"event_status": "0",
	"event_year": "2022-2023",
	"schoolName": "LANCERS INTERNATIONAL SCHOOL "
}, {
	"sId": "1447",
	"studentName": "KEVIN PEER",
	"fatherName": "SUMIT PEER",
	"gender": "1",
	"dateOfBirth": "2007-04-24",
	"admissionNumber": "20250938",
	"standardClass": "11th",
	"aadharNumber": "N\/A",
	"createdDate": "2022-09-07",
	"photo": "KevinPeer309066969.jpg",
	"gameName": "TENNIS ",
	"gameType": "Both",
	"subGameName": "INDIVIDUAL ",
	"mid": "1450",
	"schoolId": "182",
	"subgameId": "3",
	"ageRange": "17",
	"gameId": "9",
	"eventId": "5",
	"eventName": "ISSO NATIONAL GAMES 4TH EDITION - LAWN TENNIS & SQUASH ",
	"startDate": "2022-09-16",
	"event_status": "0",
	"event_year": "2022-2023",
	"schoolName": "LANCERS INTERNATIONAL SCHOOL "
}]